Opération : Ajout Client  Sur : Client : ttttPar : root le : Wed Nov 01 00:10:28 WAT 2023;;;;;;;;;
Opération : Suppression Client Sur : Client :5Par : root le : Wed Nov 01 00:13:12 WAT 2023;;;;;;;;;
 Ajout Client  // Sur :  Client : toto // Par : root // le : Wed Nov 01 00:16:13 WAT 2023;;;;;;;;;
 ;;;;;;;;;
;;;;;;;;;
OUVERTURE DE L'APPLICATION / Sur : root / Par : root / le : Wed Nov 01 00:30:07 WAT 2023;;;;;;;;;
 ;;;;;;;;;
;;;;;;;;;
OUVERTURE DE L'APPLICATION / SUR : ROOT / PAR : ROOT / LE : Wed Nov 01 00:34:49 WAT 2023;;;;;;;;;
 ;;;;;;;;;
;;;;;;;;;
OUVERTURE DE L'APPLICATION / SUR : ROOT / PAR : ROOT / LE : Wed Nov 01 00:47:06 WAT 2023;;;;;;;;;
 ;;;;;;;;;
;;;;;;;;;
OUVERTURE DE L'APPLICATION / SUR : ROOT / PAR : ROOT / LE : Wed Nov 01 00:49:23 WAT 2023;;;;;;;;;
 ;;;;;;;;;
;;;;;;;;;
OUVERTURE DE L'APPLICATION / SUR : ROOT / PAR : ROOT / LE : Wed Nov 01 00:57:00 WAT 2023;;;;;;;;;
 ;;;;;;;;;
;;;;;;;;;
OUVERTURE DE L'APPLICATION / SUR : ROOT / PAR : ROOT / LE : Wed Nov 01 01:04:18 WAT 2023;;;;;;;;;
 ;;;;;;;;;
;;;;;;;;;
OUVERTURE DE L'APPLICATION / SUR : ROOT / PAR : ROOT / LE : Wed Nov 01 19:17:53 WAT 2023;;;;;;;;;
 ;;;;;;;;;
;;;;;;;;;
OUVERTURE DE L'APPLICATION / SUR : ROOT / PAR : ROOT / LE : Wed Nov 01 20:10:01 WAT 2023;;;;;;;;;
 ;;;;;;;;;
;;;;;;;;;
OUVERTURE DE L'APPLICATION / SUR : ROOT / PAR : ROOT / LE : Wed Nov 01 20:11:49 WAT 2023;;;;;;;;;
 ;;;;;;;;;
;;;;;;;;;
OUVERTURE DE L'APPLICATION / SUR : ROOT / PAR : ROOT / LE : Wed Nov 01 20:13:01 WAT 2023;;;;;;;;;
 ;;;;;;;;;
;;;;;;;;;
OUVERTURE DE L'APPLICATION / SUR : ROOT / PAR : ROOT / LE : Wed Nov 01 20:16:00 WAT 2023;;;;;;;;;
 ;;;;;;;;;
;;;;;;;;;
OUVERTURE DE L'APPLICATION / SUR : ROOT / PAR : ROOT / LE : Wed Nov 01 20:32:09 WAT 2023;;;;;;;;;
 ;;;;;;;;;
;;;;;;;;;
OUVERTURE DE L'APPLICATION / SUR : ROOT / PAR : ROOT / LE : Wed Nov 01 23:00:40 WAT 2023;;;;;;;;;
 ;;;;;;;;;
;;;;;;;;;
OUVERTURE DE L'APPLICATION / SUR : ROOT / PAR : ROOT / LE : Wed Nov 01 23:59:40 WAT 2023;;;;;;;;;
 ;;;;;;;;;
;;;;;;;;;
OUVERTURE DE L'APPLICATION / SUR : ROOT / PAR : ROOT / LE : Thu Nov 02 00:14:08 WAT 2023;;;;;;;;;
 ;;;;;;;;;
;;;;;;;;;
OUVERTURE DE L'APPLICATION / SUR : ROOT / PAR : ROOT / LE : Thu Nov 02 00:45:32 WAT 2023;;;;;;;;;
 AJOUT CLIENT  / SUR :  CLIENT - HH / PAR : ROOT / LE : Thu Nov 02 00:48:30 WAT 2023;;;;;;;;;
 AJOUT CLIENT  / SUR :  CLIENT - UU / PAR : ROOT / LE : Thu Nov 02 00:49:07 WAT 2023;;;;;;;;;
 SUPPRESSION CLIENT / SUR : CLIENT :10 / PAR : ROOT / LE : Thu Nov 02 00:49:23 WAT 2023;;;;;;;;;
 ;;;;;;;;;
;;;;;;;;;
OUVERTURE DE L'APPLICATION / SUR : ROOT / PAR : ROOT / LE : Thu Nov 02 00:53:35 WAT 2023;;;;;;;;;
 ;;;;;;;;;
;;;;;;;;;
OUVERTURE DE L'APPLICATION / SUR : ROOT / PAR : ROOT / LE : Thu Nov 02 00:54:58 WAT 2023;;;;;;;;;
 ;;;;;;;;;
;;;;;;;;;
OUVERTURE DE L'APPLICATION / SUR : ROOT / PAR : ROOT / LE : Thu Nov 02 01:02:03 WAT 2023;;;;;;;;;
 ;;;;;;;;;
;;;;;;;;;
OUVERTURE DE L'APPLICATION / SUR : ROOT / PAR : ROOT / LE : Thu Nov 02 01:02:58 WAT 2023;;;;;;;;;
;;;;;;;;;
;;;;;;;;;
;;;;;;;;;
;;;;;;;;;
;;;;;;;;;
;;;;;;;;;
;;;;;;;;;
;;;;;;;;;
;;;;;;;;;
;;;;;;;;;
;;;;;;;;;
;;;;;;;;;
;;;;;;;;;
;;;;;;;;;
;;;;;;;;;
;;;;;;;;;
 

OUVERTURE DE L'APPLICATION ; SUR : ROOT ; PAR : ROOT ; LE : Thu Nov 02 01:16:20 WAT 2023
 AJOUT CLIENT  ; SUR :  CLIENT - DD ; PAR : ROOT ; LE : Thu Nov 02 01:16:40 WAT 2023
 

OUVERTURE DE L'APPLICATION ; SUR : ROOT ; PAR : ROOT ; LE : Thu Nov 02 10:04:03 WAT 2023
 

OUVERTURE DE L'APPLICATION ; SUR : ROOT ; PAR : ROOT ; LE : Thu Nov 02 11:40:52 WAT 2023
 

OUVERTURE DE L'APPLICATION ; SUR : ROOT ; PAR : ROOT ; LE : Thu Nov 02 14:19:01 WAT 2023
 

OUVERTURE DE L'APPLICATION ; SUR : ROOT ; PAR : ROOT ; LE : Thu Nov 02 14:22:34 WAT 2023
 

OUVERTURE DE L'APPLICATION ; SUR : ROOT ; PAR : ROOT ; LE : Thu Nov 02 14:45:13 WAT 2023
 

OUVERTURE DE L'APPLICATION ; SUR : ROOT ; PAR : ROOT ; LE : Thu Nov 02 14:47:05 WAT 2023
 

OUVERTURE DE L'APPLICATION ; SUR : ROOT ; PAR : ROOT ; LE : Thu Nov 02 14:48:58 WAT 2023
 

OUVERTURE DE L'APPLICATION ; SUR : ROOT ; PAR : ROOT ; LE : Thu Nov 02 14:50:14 WAT 2023
 

OUVERTURE DE L'APPLICATION ; SUR : ROOT ; PAR : ROOT ; LE : Thu Nov 02 14:57:59 WAT 2023
 

OUVERTURE DE L'APPLICATION ; SUR : ROOT ; PAR : ROOT ; LE : Thu Nov 02 16:10:39 WAT 2023
 

OUVERTURE DE L'APPLICATION ; SUR : ROOT ; PAR : ROOT ; LE : Thu Nov 02 16:14:15 WAT 2023
 

OUVERTURE DE L'APPLICATION ; SUR : ROOT ; PAR : ROOT ; LE : Thu Nov 02 16:23:52 WAT 2023
 

OUVERTURE DE L'APPLICATION ; SUR : ROOT ; PAR : ROOT ; LE : Thu Nov 02 16:26:41 WAT 2023
 

OUVERTURE DE L'APPLICATION ; SUR : ROOT ; PAR : ROOT ; LE : Thu Nov 02 18:11:40 WAT 2023
 

OUVERTURE DE L'APPLICATION ; SUR : ROOT ; PAR : ROOT ; LE : Thu Nov 02 18:13:41 WAT 2023
 AJOUT CHAMBRE  ; SUR :  ; ETOILES  : 2 ; ETAGE: 4 ; DESCRIPTION : KLLLLLLLLLLLLLLLLLLLLLLL ; PAR : ROOT ; LE : Thu Nov 02 18:13:56 WAT 2023
 

OUVERTURE DE L'APPLICATION ; SUR : ROOT ; PAR : ROOT ; LE : Thu Nov 02 18:15:15 WAT 2023
 AJOUT CHAMBRE  ; SUR :  ; ETOILES  : 1 ; ETAGE: 4 ; DESCRIPTION : KJKJKJ ; PAR : ROOT ; LE : Thu Nov 02 18:15:31 WAT 2023
 AJOUT CLIENT  ; SUR :  CLIENT - FOX C ; PAR : ROOT ; LE : Thu Nov 02 18:16:15 WAT 2023
 

OUVERTURE DE L'APPLICATION ; SUR : ROOT ; PAR : ROOT ; LE : Thu Nov 02 18:17:48 WAT 2023
 AJOUT CHAMBRE  ; SUR :  ; ETOILES  : 5 ; ETAGE: 2 ; DESCRIPTION : LMLMLMLMLM ; PAR : ROOT ; LE : Thu Nov 02 18:18:07 WAT 2023
 

OUVERTURE DE L'APPLICATION ; SUR : ROOT ; PAR : ROOT ; LE : Thu Nov 02 18:21:44 WAT 2023
 

OUVERTURE DE L'APPLICATION ; SUR : ROOT ; PAR : ROOT ; LE : Thu Nov 02 18:23:11 WAT 2023
 

OUVERTURE DE L'APPLICATION ; SUR : ROOT ; PAR : ROOT ; LE : Thu Nov 02 18:26:19 WAT 2023
 

OUVERTURE DE L'APPLICATION ; SUR : ROOT ; PAR : ROOT ; LE : Thu Nov 02 18:30:19 WAT 2023
 

OUVERTURE DE L'APPLICATION ; SUR : ROOT ; PAR : ROOT ; LE : Thu Nov 02 18:32:09 WAT 2023
 

OUVERTURE DE L'APPLICATION ; SUR : ROOT ; PAR : ROOT ; LE : Thu Nov 02 18:33:39 WAT 2023
 

OUVERTURE DE L'APPLICATION ; SUR : ROOT ; PAR : ROOT ; LE : Thu Nov 02 18:41:27 WAT 2023
 

OUVERTURE DE L'APPLICATION ; SUR : ROOT ; PAR : ROOT ; LE : Thu Nov 02 18:44:13 WAT 2023
 

OUVERTURE DE L'APPLICATION ; SUR : ROOT ; PAR : ROOT ; LE : Thu Nov 02 18:55:37 WAT 2023
 

OUVERTURE DE L'APPLICATION ; SUR : ROOT ; PAR : ROOT ; LE : Thu Nov 02 18:58:25 WAT 2023
 

OUVERTURE DE L'APPLICATION ; SUR : ROOT ; PAR : ROOT ; LE : Thu Nov 02 19:01:40 WAT 2023
 SUPPRESSION CHAMBRES ; SUR : CHAMBRE :5 ; PAR : ROOT ; LE : Thu Nov 02 19:01:55 WAT 2023
 

OUVERTURE DE L'APPLICATION ; SUR : ROOT ; PAR : ROOT ; LE : Fri Nov 03 14:53:00 WAT 2023
 

OUVERTURE DE L'APPLICATION ; SUR : ROOT ; PAR : ROOT ; LE : Fri Nov 03 17:45:01 WAT 2023
 SUPPRESSION CHAMBRES ; SUR : CHAMBRE :4 ; PAR : ROOT ; LE : Fri Nov 03 17:47:11 WAT 2023
 

OUVERTURE DE L'APPLICATION ; SUR : ROOT ; PAR : ROOT ; LE : Sat Nov 04 11:11:46 WAT 2023
 RESERVATION  ; SUR :  DU CLIENT N° 1 POUR LA CHAMBRE N° 1 POUR 2 JOURS ; PAR : ROOT ; LE : Sat Nov 04 11:12:39 WAT 2023
 

OUVERTURE DE L'APPLICATION ; SUR : ROOT ; PAR : ROOT ; LE : Sat Nov 04 11:39:24 WAT 2023
 

OUVERTURE DE L'APPLICATION ; SUR : ROOT ; PAR : ROOT ; LE : Sat Nov 04 11:43:28 WAT 2023
 

OUVERTURE DE L'APPLICATION ; SUR : ROOT ; PAR : ROOT ; LE : Sat Nov 04 11:48:34 WAT 2023
 

OUVERTURE DE L'APPLICATION ; SUR : ROOT ; PAR : ROOT ; LE : Sat Nov 04 11:55:48 WAT 2023
 

OUVERTURE DE L'APPLICATION ; SUR : ROOT ; PAR : ROOT ; LE : Sat Nov 04 11:58:18 WAT 2023
 

OUVERTURE DE L'APPLICATION ; SUR : ROOT ; PAR : ROOT ; LE : Sat Nov 04 12:06:16 WAT 2023
 

OUVERTURE DE L'APPLICATION ; SUR : ROOT ; PAR : ROOT ; LE : Sat Nov 04 12:22:12 WAT 2023
 

OUVERTURE DE L'APPLICATION ; SUR : ROOT ; PAR : ROOT ; LE : Sat Nov 04 12:31:14 WAT 2023
 

OUVERTURE DE L'APPLICATION ; SUR : ROOT ; PAR : ROOT ; LE : Sat Nov 04 12:33:48 WAT 2023
 MISE A JOUR DES RESERVATIONS ; SUR : SUPPRESSION DES RÉSERVATIONS EXPIRÉES ; PAR : ROOT ; LE : Sat Nov 04 12:34:04 WAT 2023
 

OUVERTURE DE L'APPLICATION ; SUR : ROOT ; PAR : ROOT ; LE : Sat Nov 04 18:51:24 WAT 2023
 

OUVERTURE DE L'APPLICATION ; SUR : ROOT ; PAR : ROOT ; LE : Sat Nov 04 21:26:23 WAT 2023
 RESERVATION  ; SUR :  DU CLIENT N° 4 POUR LA CHAMBRE N° 2 POUR 1 JOURS ; PAR : ROOT ; LE : Sat Nov 04 21:28:02 WAT 2023
 

OUVERTURE DE L'APPLICATION ; SUR : ROOT ; PAR : ROOT ; LE : Sat Nov 04 21:33:02 WAT 2023
 

OUVERTURE DE L'APPLICATION ; SUR : ROOT ; PAR : ROOT ; LE : Sat Nov 04 21:38:58 WAT 2023
 SUPPRESSION RÉSERVATION  ; SUR :  RESERVATION N° 2 DE LA CHAMBRE N° 2 ; PAR : ROOT ; LE : Sat Nov 04 21:40:34 WAT 2023
 RESERVATION  ; SUR :  DU CLIENT N° 13 POUR LA CHAMBRE N° 2 POUR 5 JOURS ; PAR : ROOT ; LE : Sat Nov 04 21:41:26 WAT 2023
 

OUVERTURE DE L'APPLICATION ; SUR : ROOT ; PAR : ROOT ; LE : Sat Nov 04 21:43:46 WAT 2023
 

OUVERTURE DE L'APPLICATION ; SUR : ROOT ; PAR : ROOT ; LE : Sat Nov 04 21:48:04 WAT 2023
 

OUVERTURE DE L'APPLICATION ; SUR : ROOT ; PAR : ROOT ; LE : Sat Nov 04 21:53:22 WAT 2023
 

OUVERTURE DE L'APPLICATION ; SUR : ROOT ; PAR : ROOT ; LE : Sat Nov 04 22:14:26 WAT 2023
 

OUVERTURE DE L'APPLICATION ; SUR : ROOT ; PAR : ROOT ; LE : Sat Nov 04 22:17:07 WAT 2023
 

OUVERTURE DE L'APPLICATION ; SUR : ROOT ; PAR : ROOT ; LE : Sat Nov 04 22:18:41 WAT 2023
 

OUVERTURE DE L'APPLICATION ; SUR : ROOT ; PAR : ROOT ; LE : Sat Nov 04 22:20:33 WAT 2023
 

OUVERTURE DE L'APPLICATION ; SUR : ROOT ; PAR : ROOT ; LE : Sat Nov 04 22:21:23 WAT 2023
 

OUVERTURE DE L'APPLICATION ; SUR : ROOT ; PAR : ROOT ; LE : Sat Nov 04 22:24:23 WAT 2023
 

OUVERTURE DE L'APPLICATION ; SUR : ROOT ; PAR : ROOT ; LE : Sat Nov 04 22:31:51 WAT 2023
 

OUVERTURE DE L'APPLICATION ; SUR : ROOT ; PAR : ROOT ; LE : Sat Nov 04 22:33:38 WAT 2023
 

OUVERTURE DE L'APPLICATION ; SUR : ROOT ; PAR : ROOT ; LE : Sat Nov 04 22:42:27 WAT 2023
 

OUVERTURE DE L'APPLICATION ; SUR : ROOT ; PAR : ROOT ; LE : Sat Nov 04 22:43:04 WAT 2023
 

OUVERTURE DE L'APPLICATION ; SUR : ROOT ; PAR : ROOT ; LE : Sat Nov 04 23:10:41 WAT 2023
 

OUVERTURE DE L'APPLICATION ; SUR : ROOT ; PAR : ROOT ; LE : Sat Nov 04 23:21:19 WAT 2023
